paper_no,paper_key,year,oa_url,code,xc_functional,pseudopotential,k_mesh,cutoff,force_threshold,energy_threshold,vacuum,basis_size,notes,title,
16,10.1080_14686996.2016.1219970,2016,https://www.tandfonline.com/doi/pdf/10.1080/14686996.2016.1219970?needAccess=true,y,y,y,y,y,n,y,y,y ,,Studying the electronic and phononic structure of penta-graphane,
17,10.1088_1367-2630_ac231c,2021,https://iopscience.iop.org/article/10.1088/1367-2630/ac231c/pdf,y,y,y,y,y,n,y,y,y,,Large bulk photovoltaic effect and second-harmonic generation in few-l,
18,10.1103_physrevb.88.054424,2013,http://link.aps.org/pdf/10.1103/PhysRevB.88.054424,y,y,n,y,na,n,n,na,n,,Ab initioinvestigation of the exchange interactions in Bi2Fe4O9: The C,
19,10.1103_physrevb.96.094420,2017,http://link.aps.org/pdf/10.1103/PhysRevB.96.094420,y,y,n,n,n,n,n,na,n,,Spin-reorientation transitions in the Cairo pentagonal magnet Bi4Fe5O1,
20,10.1103_physrevb.98.085437,2018,https://arxiv.org/pdf/1808.00619,y,y,y,y,y,y,y,y,n,,Electronic properties of a π-conjugated Cairo pentagonal lattice: Dire,
21,10.1103_physrevb.98.205425,2018,https://arxiv.org/pdf/1809.05055,y,y,y,y,y,y,n,y,n,,Single-layer antiferromagnetic semiconductor CoS2 with pentagonal stru,
22,10.1103_physrevlett.116.025501,2016,http://link.aps.org/pdf/10.1103/PhysRevLett.116.025501,y,y,y,y,y,n,n,y,n,,Two Dimensional Ice from First Principles: Structures and Phase Transi,
23,10.1109_ted.2021.3119552,2021,https://arxiv.org/pdf/2201.03493,y,y,y, y,y,y,n,y,y,,Performance Investigation of p-FETs Based on Highly Air-Stable Monolay,
24,10.1134_s0021364023600283,2023,https://link.springer.com/content/pdf/10.1134/S0021364023600283.pdf,y,y,y,y,n,y,y,y,n,,Bonding Duality and Optoelectronic Properties of Bilayer Carbon Struct,
25,10.1186_s11671-018-2687-y,2018,https://link.springer.com/content/pdf/10.1186/s11671-018-2687-y.pdf,y,y,n,y,na,y,y,y,n,,First-principles investigation of adsorption behaviors of small molecu,
26,10.1186_s11671-019-3097-5,2019,https://link.springer.com/content/pdf/10.1186/s11671-019-3097-5.pdf,y,y,y,y,y,y,n,n,n ,,First Principles Study of Penta-siligraphene as High-Performance Anode,
27,10.1186_s11671-019-3142-4,2019,https://link.springer.com/content/pdf/10.1186/s11671-019-3142-4.pdf,y,y,n,y,y,y,n,y,n,,Penta-Graphene as a Potential Gas Sensor for NOx Detection,
28,10.21203_rs.3.rs-3221946_v1,2023,https://www.researchsquare.com/article/rs-3221946/latest.pdf,,,,,,,,,,,First-principles study of optical aspects of Penta-graphene and T- Car,
29,10.3389_fchem.2022.1061703,2022,https://doi.org/10.3389/fchem.2022.1061703,,,,,,,,,,,Theoretical analysis of the thermoelectric properties of penta-PdX2 (X,
30,10.3389_fmats.2021.683503,2021,https://www.frontiersin.org/articles/10.3389/fmats.2021.683503/pdf,,,,,,,,,,,Uniform Strain-Dependent Thermal Conductivity of Pentagonal and Hexago,
31,10.4279_pip.130003,2021,https://www.papersinphysics.org/papersinphysics/article/download/677/357,,,,,,,,,,,An ab initio study of small gas molecule adsorption on the edge of N-d,
32,10.48550_arxiv.1701.03715,2017,https://arxiv.org/pdf/1701.03715,,,,,,,,,,,The anisotropic ultrahigh hole mobility in strain-engineering two-dime,
33,10.48550_arxiv.1703.03789,2017,https://arxiv.org/pdf/1703.03789,,,,,,,,,,,Mechanical Properties and Fracture Patterns of Pentagraphene Membranes,
34,10.48550_arxiv.1703.09071,2017,https://arxiv.org/pdf/1703.09071,,,,,,,,,,,Metamorphosis in Carbon Network: From Penta-Graphene to Biphenylene un,
35,10.48550_arxiv.2109.04006,2021,https://arxiv.org/pdf/2109.04006,,,,,,,,,,,Two-dimensional pentagonal material Penta-PdPSe: A first-principle stu,
36,10.48550_arxiv.2202.03963,2022,https://arxiv.org/pdf/2202.03963,,,,,,,,,,,Topological bands in the PdSe$_2$ pentagonal monolayer,
37,10.48550_arxiv.2210.12697,2022,https://arxiv.org/pdf/2210.12697,,,,,,,,,,,Tetragonal Mexican-Hat Dispersion and Switchable Half-Metal State with,
38,10.48550_arxiv.2305.08111,2023,https://arxiv.org/pdf/2305.08111,,,,,,,,,,,Electronic band structure change with structural transition of buckled,
39,10.48550_arxiv.2312.06394,2023,https://arxiv.org/pdf/2312.06394,,,,,,,,,,,Many-body effects on the quasiparticle band structure and optical resp,
40,10.48550_arxiv.2401.05429,2024,https://arxiv.org/pdf/2401.05429,,,,,,,,,,,First-principles calculations of the electronic and optical properties,
41,10.48550_arxiv.2406.13096,2024,https://arxiv.org/pdf/2406.13096,,,,,,,,,,,Electric field enhances the electronic and diffusion properties of pen,
42,10.48550_arxiv.2411.06186,2024,https://arxiv.org/pdf/2411.06186,,,,,,,,,,,Defect engineering in two-dimensional pentagonal PdTe$_2$: Tuning elec,
43,10.48550_arxiv.2412.16857,2024,https://arxiv.org/pdf/2412.16857,,,,,,,,,,,Altermagnetism and Strain Induced Altermagnetic Transition in Cairo Pe,
44,10.48550_arxiv.2503.04035,2025,https://arxiv.org/pdf/2503.04035,,,,,,,,,,,Unveiling the Oxidation Mechanisms of Octa-Penta Graphene: A Multidime,
45,10.48550_arxiv.2507.17247,2025,https://arxiv.org/pdf/2507.17247,,,,,,,,,,,Mechanically and electrically switchable triferroic altermagnet in a p,
46,10.48550_arxiv.2508.00704,2025,https://arxiv.org/pdf/2508.00704,,,,,,,,,,,XANES absorption spectra of penta-graphene and penta-SiC2 with differe,
47,10.48550_arxiv.2510.13107,2025,https://arxiv.org/pdf/2510.13107,,,,,,,,,,,First-Principles Exploration of Pentagonal TiN$_8$ and MoN$_8$ Monolay,
48,10.56042_ijc.v63i9.10558,2024,https://or.niscpr.res.in/index.php/IJC/article/download/10558/3412,,,,,,,,,,,First-principles study of optical aspects of Penta-graphene monolayer ,
49,10.7498_aps.70.20201939,2021,https://wulixb.iphy.ac.cn/pdf-content/10.7498/aps.70.20201939.pdf,,,,,,,,,,,Thermoelectric transport properties of two-dimensional materials &lt,i
50,W7169923838,,https://doi.org/,,,,,,,,,,,,
