paper_key	doi	oa_url	sha256	n_chars
10.1002_adma.201906238	10.1002/adma.201906238	https://www.osti.gov/biblio/1604823	273e2c10b7b5ec8e3b8616322084a544ebaee4f34e4c4f98b90235167ddd1824	21088
10.1007_s40544-023-0852-5	10.1007/s40544-023-0852-5	https://link.springer.com/content/pdf/10.1007/s40544-023-0852-5.pdf	c9dac6fe1f45b12d1701867abbbfa2ba4016b75058fbdf487bed167a840ce595	54236
10.1016_j.apsusc.2026.167411	10.1016/j.apsusc.2026.167411	https://doi.org/10.1016/j.apsusc.2026.167411	5ef05fc0cf38c636a4f9607238f37298a15a60f590d5c22646a9d954382f92e3	68589
10.1016_j.commatsci.2020.110275	10.1016/j.commatsci.2020.110275	https://arxiv.org/pdf/2101.00879	8ca87e021b496b265cc0322557e00e7bf496b0486aec8a510219db1689650cef	38743
10.1016_j.cplett.2020.138229	10.1016/j.cplett.2020.138229	https://arxiv.org/pdf/2007.12224	dbb74635b03b5634efe68bde4cc4221b794b2a037504276c469f4670fce1f732	30311
10.1016_j.ijhydene.2024.03.016	10.1016/j.ijhydene.2024.03.016	https://arxiv.org/pdf/2404.07793	05d0f7f585c9aa7b767033732cbee8e2a36ddbe7aa155950b9a2a0eec964f221	66883
10.1016_j.ssc.2015.12.012	10.1016/j.ssc.2015.12.012	https://arxiv.org/pdf/1509.04512	b500b5341a5f74821dd14cc117f800602c027d352d62c2678c7f60e021add9d9	15586
10.1021_acs.jpcc.5b04726	10.1021/acs.jpcc.5b04726	https://www.osti.gov/servlets/purl/1356632	b6f4e658af4e48633ea846c99e4b35c8845b325f5fc0b713d766d2ec43487340	29255
10.1021_acs.nanolett.6b01536	10.1021/acs.nanolett.6b01536	https://arxiv.org/pdf/1604.03201	3b7e136af093d0caf7c234475aa41d8dee12e8cd0c8c8cfd9c4f474955663ac5	66392
10.1021_acs.nanolett.6b03921	10.1021/acs.nanolett.6b03921	https://arxiv.org/pdf/1801.08567	0adafad0abb0e39dee10545549c8071d234de988bbec2083a7da05d8d859f70c	32792
10.1021_acsnano.2c02711	10.1021/acsnano.2c02711	https://www.osti.gov/biblio/1890338	43a11dee9e2fff93a40e5d077af6984b6ebf8f46cd65534a456259f29691b9b8	23730
10.1021_acsomega.6c00774	10.1021/acsomega.6c00774	https://pubs.acs.org/doi/pdf/10.1021/acsomega.6c00774?ref=article_openPDF	b1bacde70fb245d5e62ffc66e6b23a81bf3ba2a8de5ac8c5875ead9d1ac9b430	41873
10.1021_jacs.7b04865	10.1021/jacs.7b04865	https://www.osti.gov/servlets/purl/1394440	c4827c93081ebc6e441fe973711b4e8820167e5b3435ff88ee122dfe8a39c17c	43029
10.1038_s41535-025-00793-0	10.1038/s41535-025-00793-0	https://www.nature.com/articles/s41535-025-00793-0.pdf	d28a69bc9b19e540bacb295b989cf96af57b6798d11aecd63bff82184a48290c	39652
10.1038_s41598-018-29288-8	10.1038/s41598-018-29288-8	https://www.nature.com/articles/s41598-018-29288-8.pdf	bf58e793b3dac1e13bf79069a1cbc2ec6065710d3507dda2e37a509e9de50432	32216
10.1038_s41598-020-64791-x	10.1038/s41598-020-64791-x	https://www.nature.com/articles/s41598-020-64791-x.pdf	9d4a64e762276c7d0f888b06b2551324670a2e746f58ca05e6f9be994109cf02	22254
10.1038_s41598-020-73901-8	10.1038/s41598-020-73901-8	https://www.nature.com/articles/s41598-020-73901-8.pdf	2da665301a29bbe7051c8c45b9df3f69082b27c4836d679500f19a4b231f8b81	29690
10.1038_s41598-023-27563-x	10.1038/s41598-023-27563-x	https://www.nature.com/articles/s41598-023-27563-x.pdf	7a75ec486f66ffc84efd430a40c54a662b236c4a2b70b6e82ade1bbeb7e3af54	41096
10.1038_s41699-017-0032-4	10.1038/s41699-017-0032-4	https://www.nature.com/articles/s41699-017-0032-4.pdf	dc4ca871774695c83642a7dfbab7263d5de2e2d9b6d8c39ee62b8870790a8b9b	30679
10.1038_srep31840	10.1038/srep31840	https://www.nature.com/articles/srep31840.pdf	de6a77cccb47d303548b43bbb3e0bd22c7287bdeb467974342b5ffaf6f5cbecd	36586
10.1038_srep33060	10.1038/srep33060	https://www.nature.com/articles/srep33060.pdf	6d0c5c3edbf6c267d9d6f7f812470fe2b2391b3d2417d96df69ecdee0e974be5	38021
10.1039_c7nr06835b	10.1039/c7nr06835b	https://www.osti.gov/biblio/1417348	1e87639a05c9ef5c4a6af10cf307bf7875aed9f794ff5a998ed1fa18909ed7a7	16980
10.1039_d0cp06509a	10.1039/d0cp06509a	https://arxiv.org/pdf/2012.07217	03aafea89fabb545646cfce1040ce38e9be3a819860ae54b6ff909d9c9321ed6	50126
10.1039_d1cp00800e	10.1039/d1cp00800e	https://www.osti.gov/biblio/1780194	0d5e7daea5d657d45a056a2954b56982e5bc368b2d7f3a33a49d038df12bfc8d	16553
10.1063_1.4930086	10.1063/1.4930086	https://arxiv.org/pdf/1510.01166	3513ed66324f00fd52a38fee10994b139dd16e5c038db951304ae89a8b717056	28415
10.1063_1.5085414	10.1063/1.5085414	https://www.osti.gov/biblio/1610324	a3c0e066a8af18b5676c2ee5fc789c9bcf7b59ea23c7989c5ba764d3a83be0b8	12490
10.1080_14686996.2016.1219970	10.1080/14686996.2016.1219970	https://www.tandfonline.com/doi/pdf/10.1080/14686996.2016.1219970?needAccess=true	cbd28aae24094755a99fe7c2f4fdf0ebd6c2010106318b92c9fc1dc6f1f20723	18729
10.1088_1367-2630_ac231c	10.1088/1367-2630/ac231c	https://iopscience.iop.org/article/10.1088/1367-2630/ac231c/pdf	5cf10baa2927bf91dccebd1f893d5fd44631c72619a2c96fd9634a7f5cb7afd6	47571
10.1103_m33v-xwn3	10.1103/m33v-xwn3	https://arxiv.org/pdf/2510.14193	14081a06bf337210e5a2976f79983695b7facf669e67c322280d705b3e665bc0	39383
10.1103_physrevb.88.054424	10.1103/physrevb.88.054424	http://link.aps.org/pdf/10.1103/PhysRevB.88.054424	c1becf6976be32527c483fe4e7e47e5764e559da14b80f56aab169d52c0b3cd4	26051
10.1103_physrevb.96.094420	10.1103/physrevb.96.094420	http://link.aps.org/pdf/10.1103/PhysRevB.96.094420	5d3d03adf543ad6c176ef82a72620baeddd33c4061414764d59ae6b045b0285f	68862
10.1103_physrevb.98.085437	10.1103/physrevb.98.085437	https://arxiv.org/pdf/1808.00619	ed55f22206a74b30c59d7a3932b6246d9e2fa7393b4a02b8fa6e2b8f79b212e5	36325
10.1103_physrevb.98.205425	10.1103/physrevb.98.205425	https://arxiv.org/pdf/1809.05055	cad78bafba02721166ce3607fd1f04a7c46a73f4b7c70ddc8fe7f4e3f8dd5258	25879
10.1103_physrevlett.116.025501	10.1103/physrevlett.116.025501	http://link.aps.org/pdf/10.1103/PhysRevLett.116.025501	19700b2002bd44fdf189b0935520141788a55dbfba0c538ff4034bce87155840	26301
10.1103_physrevmaterials.2.114003	10.1103/physrevmaterials.2.114003	https://arxiv.org/pdf/1808.04030	43e09b89261b3decdfc32257af4ca53cfefbbc0365422e54ac3545ef7978f66f	29583
10.1109_ted.2021.3119552	10.1109/ted.2021.3119552	https://arxiv.org/pdf/2201.03493	e2d2e5b727fe96eaa27ec9dff5a1288093324e764cf0d7ad9239394fa690a5b3	38713
10.1134_s0021364023600283	10.1134/s0021364023600283	https://link.springer.com/content/pdf/10.1134/S0021364023600283.pdf	2316f1091eefccfc627439b9e459719fcf24c56fc5866ad5138b01930f7fb140	29237
10.1186_s11671-018-2687-y	10.1186/s11671-018-2687-y	https://link.springer.com/content/pdf/10.1186/s11671-018-2687-y.pdf	7667a7e50b003b61dc4b1ae1a5c2294d381c9486100c6c3b72dca32514fc1b73	27398
10.1186_s11671-019-3097-5	10.1186/s11671-019-3097-5	https://link.springer.com/content/pdf/10.1186/s11671-019-3097-5.pdf	dcaa51d20d331479a4427adf9e4f04d3d5643dbfabee725f6298937df9208015	42403
10.1186_s11671-019-3142-4	10.1186/s11671-019-3142-4	https://link.springer.com/content/pdf/10.1186/s11671-019-3142-4.pdf	cd5ce34a6fea0378a10d6aa185376be0e8e7e7d9d89cec7903a92da1697b7656	32797
10.12693_aphyspola.147.124	10.12693/aphyspola.147.124	https://appol.ifpan.edu.pl/index.php/appa/article/download/147_124/147_124	bae55d69146a16e04d363cf1ed987c81db0b48de53bbe577ed95ec301d6a6c59	48627
10.15625_0868-3166_23002	10.15625/0868-3166/23002	https://doi.org/10.15625/0868-3166/23002	ee65cc1aea2a0f1285248f6f18d9e926f051a2b071d8c087c531acd1aab38e02	15902
10.21203_rs.3.rs-3221946_v1	10.21203/rs.3.rs-3221946/v1	https://www.researchsquare.com/article/rs-3221946/latest.pdf	3b619b122d8a9bd70f2a57fabd8cd41575d4e74b2377278c3896c23b1e463eca	24514
10.25073_2588-1124_vnumap.4371	10.25073/2588-1124/vnumap.4371	https://js.vnu.edu.vn/MaP/article/download/4371/4034	d709121308aa05edf645635559079191dc242fe5a9b2c29c9cf070164634d293	34564
10.3389_fchem.2022.1061703	10.3389/fchem.2022.1061703	https://doi.org/10.3389/fchem.2022.1061703	a19a1f8d3d6c7f121796360148665c60daf6ef34458729b992d9655f9ec0ab45	44330
10.3389_fmats.2021.683503	10.3389/fmats.2021.683503	https://www.frontiersin.org/articles/10.3389/fmats.2021.683503/pdf	9250bb5314aa194ec137910af6341235fcb508fd37978825cb47f67cf9e9840d	42187
10.4279_pip.130003	10.4279/pip.130003	https://www.papersinphysics.org/papersinphysics/article/download/677/357	21f37a6f2f8bf3dc95c7a49fb70014ded211a0d4c47436bd0eb19f5b8f89099f	28089
10.48550_arxiv.1701.03715	10.48550/arxiv.1701.03715	https://arxiv.org/pdf/1701.03715	defb35945b26b8416a68481de465591c4ef037ac096cfc72b5e5688eba81b0f0	32317
10.48550_arxiv.1703.03789	10.48550/arxiv.1703.03789	https://arxiv.org/pdf/1703.03789	777749e5772b37efb5705c9214501cff68404586c8630492d0cf6fe33217c2d1	41784
10.48550_arxiv.1703.09071	10.48550/arxiv.1703.09071	https://arxiv.org/pdf/1703.09071	60213a55d6c8a1ce5269829c682dcd53c42bb5cb7c3bef32524b29a84bfbbfc8	43801
10.48550_arxiv.2109.04006	10.48550/arxiv.2109.04006	https://arxiv.org/pdf/2109.04006	0220a1c8fad21a5c29af5da25399b78c0009826712fe309b6922d925cb44f49b	30350
10.48550_arxiv.2202.03963	10.48550/arxiv.2202.03963	https://arxiv.org/pdf/2202.03963	a66f0ec6418c29019d6996536c0b72bb8b07399bcace5861d6d874d12edbe518	45041
10.48550_arxiv.2207.10055	10.48550/arxiv.2207.10055	https://arxiv.org/pdf/2207.10055	6c4756c660cb3202f349f2d1a0ca7e6abcbfad3f0f4277935c0ae73e4dcea41d	49652
10.48550_arxiv.2210.08267	10.48550/arxiv.2210.08267	https://arxiv.org/pdf/2210.08267	bca5e73a1acf7b8117fbf0a1c255fdfc5f80b9e8b3e616b1f2e9abd499c5ad44	27675
10.48550_arxiv.2210.12697	10.48550/arxiv.2210.12697	https://arxiv.org/pdf/2210.12697	c8ecf37600846a9b4b2d1e530d050627cd1fdb5d5a69c8a08d00efe73ea99a36	34160
10.48550_arxiv.2305.08111	10.48550/arxiv.2305.08111	https://arxiv.org/pdf/2305.08111	75284823ca2876cd4af892afce4986eaa4e850e46cdfaf747377236827fbde09	44823
10.48550_arxiv.2312.06394	10.48550/arxiv.2312.06394	https://arxiv.org/pdf/2312.06394	b9f576ea31370765013ccc0d66ac6f2a33fa65d5d8a2c5adcee7d241bfb4ff28	31157
10.48550_arxiv.2401.05429	10.48550/arxiv.2401.05429	https://arxiv.org/pdf/2401.05429	1d7ea1a757a9a957bb3b940248af45470abb92fbbf6b9bd3ef5072ba5367be63	34431
10.48550_arxiv.2406.13096	10.48550/arxiv.2406.13096	https://arxiv.org/pdf/2406.13096	a1f1c1b75fa86bc7608fcf526f99217d3d7b3c75a86284f98f9368f93c5236d4	44552
10.48550_arxiv.2411.06186	10.48550/arxiv.2411.06186	https://arxiv.org/pdf/2411.06186	8f25bcef3d1bb16d598216a558e173a7a5a62bd13a611cd68e825dede35912df	67731
10.48550_arxiv.2412.16857	10.48550/arxiv.2412.16857	https://arxiv.org/pdf/2412.16857	76dee5b4385a5693ff0bab9ae2ea9e092fe4ebbc26723edd7c98897af2c0889f	46157
10.48550_arxiv.2503.04035	10.48550/arxiv.2503.04035	https://arxiv.org/pdf/2503.04035	477d8d95cca2523008e812247a0fa18accf69a550c872d2384f1dbf453d24827	36738
10.48550_arxiv.2507.17247	10.48550/arxiv.2507.17247	https://arxiv.org/pdf/2507.17247	b1a5c8473c8352175e89fc6e12ac2ec28d120db890fa986243242b43599caf58	38313
10.48550_arxiv.2508.00704	10.48550/arxiv.2508.00704	https://arxiv.org/pdf/2508.00704	adcc8571ef4a6724e2c467c2acc347ceccd0749ba20ddbeec14b802effc9a471	38625
10.48550_arxiv.2510.13107	10.48550/arxiv.2510.13107	https://arxiv.org/pdf/2510.13107	f78d39d4e67a16c6afe96ac32a485305ba9ad0c42d896d8c6bc0f2d0460f045e	42180
10.56042_ijc.v63i9.10558	10.56042/ijc.v63i9.10558	https://or.niscpr.res.in/index.php/IJC/article/download/10558/3412	3d559b97d91c50f5defbc5ec9180f09747d5d30bc293ed007270f89215f7b1c2	16384
10.7498_aps.70.20201939	10.7498/aps.70.20201939	https://wulixb.iphy.ac.cn/pdf-content/10.7498/aps.70.20201939.pdf	a53e952acbd22ea8b608b51189da18e2ab1ab68a5898cfc0d09d25191face6fa	22224
W7162894181			0de55542f7bb47e47b2d42f74845f2a37e9fb57f8e80fa0c19d7e757808a4487	38310
W7169923838			841a4ddb000c264d456c0eef0517d8bf58425c5c782ba6acf9b271561e712d06	47296
